{
  "name": "simpleWeather",
  "description": "A simple jQuery plugin to display current weather data for any location and doesn't get in your way. Handcrafted with ♥ from Austin, Texas by James Fleeting.",
  "main": "jquery.simpleWeather.js",
  "version": "3.1.0",
  "homepage": "http://simpleweatherjs.com",
  "authors": [
    "James Fleeting <hello@jamesfleeting.com>"
  ],
  "license": "MIT",
  "dependencies": {
    "jquery": ">= 1.2.0"
  },
  "ignore": [
    "**/.*",
    "node_modules",
    "bower_components",
    "test",
    "tests"
  ],
  "keywords": [
    "jquery",
    "javascript",
    "weather",
    "plugin",
    "simple"
  ],
  "_release": "3.1.0",
  "_resolution": {
    "type": "version",
    "tag": "3.1.0",
    "commit": "d15ca1f120e3c0e70b819cb5dfd5d648e8adf57c"
  },
  "_source": "https://github.com/monkeecreate/jquery.simpleWeather.git",
  "_target": "^3.1.0",
  "_originalSource": "simpleWeather",
  "_direct": true
}